INSERT INTO users (first_name, last_name, email, password)
VALUES 
('John', 'Doe', 'johndoe@example.com', 'P@ssw0rd1!'),
('Jane', 'Smith', 'janesmith@example.com', 'Secur3P@ss!'),
('Alice', 'Johnson', 'alicejohnson@example.com', 'Al1c3$trong'),
('Robert', 'Brown', 'robertbrown@example.com', 'Br0wnR@ck3t'),
('Emily', 'Davis', 'emilydavis@example.com', 'D@v1s!Emily'),
('Michael', 'Wilson', 'michaelwilson@example.com', 'W1l$0nM@ke'),
('Sarah', 'Taylor', 'sarahtaylor@example.com', 'T@yl0r#Sa$'),
('David', 'Moore', 'davidmoore@example.com', 'M00reD@v!d'),
('Laura', 'Anderson', 'lauraanderson@example.com', 'And3r$0nL!'),
('Chris', 'Thomas', 'christhomas@example.com', 'Th0m@sCr1$'),
('Emma', 'Jackson', 'emmajackson@example.com', 'Jack$0nE!'),
('Daniel', 'White', 'danielwhite@example.com', 'Wh1t3!Dan1'),
('Sophia', 'Harris', 'sophiaharris@example.com', 'H@rr!S0phi'),
('Andrew', 'Martin', 'andrewmartin@example.com', 'Mart!n@nd3'),
('Olivia', 'Clark', 'oliviaclark@example.com', 'Cl@rk0l!via'),
('James', 'Rodriguez', 'jamesrodriguez@example.com', 'R0dr!gu3zJ'),
('Mia', 'Lewis', 'mialewis@example.com', 'L3w!$M1@'),
('Benjamin', 'Lee', 'benjaminlee@example.com', 'L33B3nj@!'),
('Charlotte', 'Walker', 'charlottewalker@example.com', 'W@lk3rC#1'),
('William', 'Hall', 'williamhall@example.com', 'H@llW!ll1'),
('Evelyn', 'Allen', 'evelynallen@example.com', 'All3nEvel1'),
('Lucas', 'Young', 'lucasyoung@example.com', 'Y0ungL@c@$'),
('Amelia', 'King', 'ameliaking@example.com', 'K!ng@mel!a'),
('Elijah', 'Wright', 'elijahwright@example.com', 'Wr1ghtEl!j@'),
('Harper', 'Scott', 'harperscott@example.com', 'Sc0ttH@rp3'),
('Alexander', 'Green', 'alexandergreen@example.com', 'Gr33nA1ex@'),
('Grace', 'Adams', 'graceadams@example.com', 'Ad@msGr@c3'),
('Matthew', 'Baker', 'matthewbaker@example.com', 'Bak3rM@tt!'),
('Ella', 'Gonzalez', 'ellagonzalez@example.com', 'G0nz!Ella$'),
('Joseph', 'Nelson', 'josephnelson@example.com', 'N3l$0nJo3'),
('Avery', 'Carter', 'averycarter@example.com', 'C@rt3rAv3r'),
('Henry', 'Mitchell', 'henrymitchell@example.com', 'MitcH3llH@'),
('Sofia', 'Perez', 'sofiaperez@example.com', 'P3r3z$0fia!'),
('Logan', 'Roberts', 'loganroberts@example.com', 'R0b3rtsL0g@'),
('Scarlett', 'Turner', 'scarlettturner@example.com', 'T!rn3rScar$'),
('Liam', 'Garcia', 'liamgarcia@example.com', 'GarC1aLi@M'),
('Emily', 'Martinez', 'emilymartinez@example.com', 'M@rtiEml3!'),
('Oliver', 'White', 'oliverwhite@example.com', 'Wh1t3Ol!ver'),
('Samantha', 'Taylor', 'samanthataylor@example.com', 'T@ylSam@nt'),
('Jacob', 'Thomas', 'jacobthomas@example.com', 'Th0masJac0$'),
('Ava', 'Hernandez', 'avahernandez@example.com', 'H3rnad3z@v'),
('Sophia', 'Lopez', 'sophialopez@example.com', 'L0pezSoph1!'),
('Isabella', 'Clark', 'isabellaclark@example.com', 'Cl@rkIs@b3'),
('Ethan', 'Lewis', 'ethanlewis@example.com', 'L3wisEthan!'),
('Mason', 'Walker', 'masonwalker@example.com', 'W@lkM@son1'),
('Lucas', 'Robinson', 'lucasrobinson@example.com', 'RobinsL!ca$'),
('Mia', 'Allen', 'miaallen@example.com', 'All3nM!a!'),
('Charlotte', 'King', 'charlotteking@example.com', 'K1ngCharl0t'),
('James', 'Wright', 'jameswright@example.com', 'Wr1ghJ@m3$');

INSERT INTO food_listings (food_type, quantity, expiration_date, location, pincode, user_id)
VALUES
('Rice', 10, '2024-12-10', '123 Maple Street, Springfield', '12345', 1),
('Pasta', 5, '2024-12-12', '456 Elm Street, Greenfield', '12346', 2),
('Canned Beans', 20, '2024-12-15', '789 Oak Avenue, Riverside', '12347', 3),
('Apples', 30, '2024-11-30', '101 Pine Road, Brookfield', '12348', 4),
('Bread', 15, '2024-12-05', '202 Birch Lane, Fairview', '12349', 5),
('Milk', 10, '2024-11-28', '303 Cedar Drive, Lakewood', '12350', 6),
('Carrots', 25, '2024-12-07', '404 Walnut Avenue, Meadowville', '12351', 7),
('Chicken', 10, '2024-11-25', '505 Chestnut Street, Sunnydale', '12352', 8),
('Potatoes', 50, '2024-12-14', '606 Ash Boulevard, Hillcrest', '12353', 9),
('Oranges', 40, '2024-12-09', '707 Maple Drive, Pleasanton', '12354', 10),
('Tomatoes', 30, '2024-12-11', '808 Elm Avenue, Westfield', '12355', 11),
('Eggs', 12, '2024-12-01', '909 Oak Lane, Eastville', '12356', 12),
('Cheese', 5, '2024-12-10', '123 Main Street, Midtown', '12357', 13),
('Yogurt', 10, '2024-12-06', '456 Broad Avenue, Oldtown', '12358', 14),
('Flour', 25, '2024-12-13', '789 Lake Road, Bloomfield', '12359', 15),
('Sugar', 20, '2024-12-08', '101 Maple Avenue, Northville', '12360', 16),
('Salt', 15, '2024-12-03', '202 Elm Street, Eastpoint', '12361', 17),
('Chicken', 7, '2024-12-04', '303 Pine Road, Fairview', '12362', 18),
('Fish', 8, '2024-12-02', '404 Cedar Drive, Lakeview', '12363', 19),
('Bananas', 50, '2024-12-10', '505 Walnut Lane, Riverview', '12364', 20),
('Rice', 12, '2024-12-12', '606 Chestnut Drive, Parkwood', '12365', 21),
('Potatoes', 40, '2024-12-14', '707 Ash Lane, Forestview', '12366', 22),
('Bread', 18, '2024-12-07', '808 Maple Boulevard, Sunnyvale', '12367', 23),
('Milk', 9, '2024-11-28', '909 Elm Avenue, Meadowbrook', '12368', 24),
('Carrots', 20, '2024-12-05', '123 Oak Lane, Springwood', '12369', 25),
('Eggs', 30, '2024-12-03', '456 Pine Drive, Lakeside', '12370', 26),
('Pasta', 15, '2024-12-02', '789 Cedar Road, Hillside', '12371', 27),
('Cheese', 6, '2024-12-01', '101 Walnut Avenue, Crestview', '12372', 28),
('Yogurt', 10, '2024-12-11', '202 Chestnut Street, Northfield', '12373', 29),
('Fish', 5, '2024-12-09', '303 Ash Boulevard, Fairhill', '12374', 30),
('Chicken', 12, '2024-12-06', '404 Maple Lane, Midtown', '12375', 31),
('Tomatoes', 20, '2024-12-08', '505 Elm Street, Greenhill', '12376', 32),
('Canned Beans', 15, '2024-12-13', '606 Oak Road, Westbrook', '12377', 33),
('Oranges', 30, '2024-12-14', '707 Pine Boulevard, Riverwood', '12378', 34),
('Flour', 50, '2024-12-04', '808 Cedar Lane, Bloomwood', '12379', 35),
('Sugar', 20, '2024-12-02', '909 Walnut Drive, Hillwood', '12380', 36),
('Rice', 25, '2024-12-10', '123 Chestnut Road, Eastbrook', '12381', 37),
('Apples', 30, '2024-11-30', '456 Ash Street, Lakehill', '12382', 38),
('Bananas', 40, '2024-12-07', '789 Maple Avenue, Northwood', '12383', 39),
('Fish', 8, '2024-12-06', '101 Elm Lane, Springbrook', '12384', 40),
('Chicken', 10, '2024-12-05', '202 Oak Boulevard, Hillcrest', '12385', 41),
('Milk', 15, '2024-11-28', '303 Pine Avenue, Forestbrook', '12386', 42),
('Tomatoes', 12, '2024-12-03', '404 Cedar Street, Meadowhill', '12387', 43),
('Cheese', 5, '2024-12-01', '505 Walnut Lane, Parkhill', '12388', 44),
('Carrots', 15, '2024-12-11', '606 Chestnut Road, Midtown', '12389', 45),
('Eggs', 24, '2024-12-12', '707 Ash Avenue, Crestwood', '12390', 46),
('Oranges', 50, '2024-12-14', '808 Maple Lane, Riverhill', '12391', 47),
('Yogurt', 15, '2024-12-09', '909 Elm Drive, Lakehill', '12392', 48),
('Sugar', 20, '2024-12-08', '123 Oak Road, Springcrest', '12393', 49),
('Potatoes', 35, '2024-12-02', '456 Pine Avenue, Faircrest', '12394', 50);

INSERT INTO pickups (user_id, listing_id, pickup_time, status)
VALUES
(2, 1, '2024-12-10 10:00 AM', 'approved'),
(3, 2, '2024-12-12 02:00 PM', 'pending'),
(4, 3, '2024-12-15 05:00 PM', 'rejected'),
(5, 4, '2024-11-30 08:00 AM', 'approved'),
(6, 5, '2024-12-05 12:00 PM', 'pending'),
(7, 6, '2024-11-28 09:00 AM', 'approved'),
(8, 7, '2024-12-07 03:00 PM', 'pending'),
(9, 8, '2024-11-25 04:00 PM', 'approved'),
(10, 9, '2024-12-14 06:00 PM', 'rejected'),
(11, 10, '2024-12-09 11:00 AM', 'approved'),
(12, 11, '2024-12-11 01:00 PM', 'pending'),
(13, 12, '2024-12-01 07:00 PM', 'rejected'),
(14, 13, '2024-12-10 09:30 AM', 'approved'),
(15, 14, '2024-12-06 10:15 AM', 'pending'),
(16, 15, '2024-12-13 02:30 PM', 'approved'),
(17, 16, '2024-12-08 05:00 PM', 'rejected'),
(18, 17, '2024-12-03 07:00 AM', 'pending'),
(19, 18, '2024-12-04 12:30 PM', 'approved'),
(20, 19, '2024-12-02 08:15 PM', 'rejected'),
(21, 20, '2024-12-10 09:00 AM', 'approved'),
(22, 21, '2024-12-12 04:30 PM', 'pending'),
(23, 22, '2024-12-14 11:45 AM', 'approved'),
(24, 23, '2024-12-07 03:00 PM', 'rejected'),
(25, 24, '2024-11-28 07:15 AM', 'approved'),
(26, 25, '2024-12-05 01:30 PM', 'pending'),
(27, 26, '2024-12-03 04:45 PM', 'approved'),
(28, 27, '2024-12-02 06:00 AM', 'rejected'),
(29, 28, '2024-12-01 11:00 AM', 'pending'),
(30, 29, '2024-12-11 02:30 PM', 'approved'),
(31, 30, '2024-12-09 05:00 PM', 'rejected'),
(32, 31, '2024-12-06 08:15 AM', 'approved'),
(33, 32, '2024-12-08 10:30 AM', 'pending'),
(34, 33, '2024-12-13 12:00 PM', 'approved'),
(35, 34, '2024-12-14 02:45 PM', 'rejected'),
(36, 35, '2024-12-04 09:15 AM', 'approved'),
(37, 36, '2024-12-02 07:45 PM', 'pending'),
(38, 37, '2024-12-10 08:30 AM', 'approved'),
(39, 38, '2024-11-30 03:00 PM', 'rejected'),
(40, 39, '2024-12-07 11:15 AM', 'approved'),
(41, 40, '2024-12-06 01:00 PM', 'pending'),
(42, 41, '2024-12-05 04:00 PM', 'approved'),
(43, 42, '2024-11-28 06:30 PM', 'rejected'),
(44, 43, '2024-12-03 08:00 AM', 'approved'),
(45, 44, '2024-12-01 09:45 AM', 'pending'),
(46, 45, '2024-12-11 02:15 PM', 'approved'),
(47, 46, '2024-12-12 10:45 AM', 'rejected'),
(48, 47, '2024-12-14 01:30 PM', 'approved'),
(49, 48, '2024-12-09 05:30 PM', 'pending'),
(50, 49, '2024-12-08 11:00 AM', 'approved');

 INSERT INTO reports (report_name, generated_by)
                VALUES 
                ('Monthly Report - November', 1),
                ('Yearly Summary - 2024', 2);